{
  "epochs": [
    1,
    2,
    3,
    4,
    5
  ],
  "losses": [
    90012951.90538195,
    89959533.578125,
    89979478.864511,
    89979381.96809895,
    89969826.4513889
  ],
  "best_loss": 89959533.578125,
  "best_epoch": 2,
  "final_loss": 89969826.4513889,
  "loss_reduction": 43125.453993052244
}